,author_id,id,created_at,lang,text
0,1538580883032129544,1539020266835156998,2022-06-20T22:59:59.000Z,en,"Say goodbye to paper money ‚Äî banks are quietly working to get rid of cash https://t.co/mKS9V9sm8m via @businessinsider

#100DaysOfCode 
#WomenWhoCode 
#BlackTechTwitter #Python #Linux #javascript #Bitcoin #PythonCode #Mobile"
1,1324419772893810693,1539019578520510464,2022-06-20T22:57:15.000Z,en,"We are available 24/7
#fallsemester
#researchpaper
#Essay
#Course work
#Project
#Pay write
#econometrics
#Paperpay
#Someone help paper
#Case study
#javascript
#python
#History
#Homework 
#Assignment due
#History
#Statistics
#100DaysOfCode
#NodeJS
DM details now"
2,1524278963689951235,1539019321040687112,2022-06-20T22:56:14.000Z,en,"Pay us to do or write your 
#Assignments 
#calculus 
#homework
#Homeworkhelp 
#summerclasses 
#Onlineclass 
#essayhelp 
#Essaydue 
#essaywrite 
#Essays
#Music
#Art
#Law 
#Javascript
#Python
#Programming
#CodeNewbies 
#100daysofcode
#webdevelopment 
#Datascience
Dm us now for help https://t.co/LDhQapyL7M"
3,455385872,1539018974758944775,2022-06-20T22:54:51.000Z,en,"Day 100 of #100DaysOfCode üéâ Awesome things happened! I got hired as a web dev intern, presented my master's research to policy and foresight experts, my bench press + squat loads got 60lbs stronger! Now a portfolio project using Spotify's Web API. #Python üêç #MondayMotivation ‚õ≥ https://t.co/QvQuxFxzpN"
4,1524278963689951235,1539018901702561793,2022-06-20T22:54:34.000Z,en,"Pay us to do or write your 
#Assignments 
#calculus 
#homework
#Homeworkhelp 
#summerclasses 
#Onlineclass 
#essayhelp 
#Essaydue 
#essaywrite 
#Essays
#Music
#Art
#Law 
#Javascript
#Python
#Programming
#CodeNewbies 
#100daysofcode
#webdevelopment 
#Datascience
Dm us now for help https://t.co/K4kW5uu71A"
5,1173401645599854592,1539018700182937601,2022-06-20T22:53:46.000Z,en,"Day 13 of #100daysofcode #100daysofpython
Today, I continued reading up on notable Python concepts from various sources and this book: ""Python tips and tricks""
I'll start putting all my knowledge to practice as soon as I solve the current ish at hand, fr nw, I'll keep reading up"
6,4263007693,1539018269838954496,2022-06-20T22:52:03.000Z,en,"The Best #Books on #MLOps Articles, Courses! #BigData #Analytics #DataScience #IoT #IIoT #PyTorch #Python #RStats #TensorFlow #Java #JavaScript #ReactJS #GoLang #CloudComputing #Serverless #DataScientist #Linux #Books #Programming #Coding #100DaysofCode 
https://t.co/SNsBOyOAGz https://t.co/SPlwAiMnKU"
7,1534890403601580032,1539018057967734784,2022-06-20T22:51:13.000Z,en,Check out my Gig on Fiverr: I will design #unique #minimal #natural #beautiful #creative #travel #restaurantlogo #Github #javascript #javascript30 #javadeveloper #Angular #Python #udemy #CodeNewbie #ArtificialIntelligence #AI #ml #BigData #100DaysOfCode https://t.co/b6ju2a1MyQ
8,1243665419501744133,1539017823816765443,2022-06-20T22:50:17.000Z,en,"""Don't let someone elses. opinion become your reality.""- Les Brown #softwareengineer #javascript #python #C++ #golang #nodejs #reactjs #stockopertor #highgrowthstocks $SPX $QQQ $RUT $VIX #canslim #100DaysOfCode"
9,268619848,1539017758217756672,2022-06-20T22:50:01.000Z,en,Identifying Open ports #MachineLearning #DataScience #SQL #Cybersecurity #BigData #Analytics #AI #IIoT #Python #RStats #TensorFlow #JavaScript #ReactJS #CloudComputing #Serverless #DataScientist #Linux #Programming #Coding #100DaysofCode #NodeJS #golang #NLP #GitHub #IoT #MLOps https://t.co/Rq8EWmzqn8
10,1343977190262620160,1539017706921336834,2022-06-20T22:49:49.000Z,en,Check out my Gig on Fiverr: I'll design #creative #technology #crypto #cyber #security #tech #IT #logo #Github #javascript #javascript30 #javadeveloper #Angular #Python #udemy #CodeNewbie #ArtificialIntelligence #AI #ml #DataScience #BigData #100DaysOfCode https://t.co/iSZf3a31QU
11,1402185900247953410,1539017496069607424,2022-06-20T22:48:59.000Z,en,"ACE that class with our Scholars
*Project
*Math
*Essay due
*Pay write
*English
*Paper pay
*Case study
*Quiz
*Do my homework
*Online classes
*Python
*Philosophy 
*Book review
*Assignment due
#Pay someone write
#100DaysOfCode
#NodeJS
#javascript
#coding
Dm anytime @Academictutor20"
12,1343977190262620160,1539017467174846464,2022-06-20T22:48:52.000Z,en,Check out my Gig on Fiverr: I will design #real estate #construction #mortgage #plumbing #logo #Github #javascript #javascript30 #javadeveloper #Angular #Python #udemy #CodeNewbie #ArtificialIntelligence #AI #ml #DataScience #BigData #100DaysOfCode https://t.co/A8P7a4BaY0
13,1343163988838907904,1539017327920005120,2022-06-20T22:48:19.000Z,en,"We are legit to offer you A grade in your
‚úìnursing
‚úìessays
‚úìchemistry
‚úìfinance
‚úìphysics
‚úìbiology.
‚úìphysi
‚úìchemistry
‚úìalgebra.
‚úìcalculus
‚úìhomework...
‚úìessay pay..
Assignment due 
#100DaysOfCode
#WomenWhoCode
#javascript
#Python
#Serverless

assignmenthelpDm@gmail.com"
14,1524278963689951235,1539017306222755842,2022-06-20T22:48:14.000Z,en,"Pay us to do or write your 
#Assignments 
#calculus 
#homework
#Homeworkhelp 
#summerclasses 
#Onlineclass 
#essayhelp 
#Essaydue 
#essaywrite 
#Essays
#Music
#Art
#Law 
#Javascript
#Python
#Programming
#CodeNewbies 
#100daysofcode
#webdevelopment 
#Datascience
Dm us now for help https://t.co/mq5f65qC4g"
15,1402185900247953410,1539017200815816705,2022-06-20T22:47:48.000Z,en,"Grade A+ assured in any timed paper
#Essay due
#Pay write
#javascript
#Onlineclass 
#Philosophy 
#Chemistry
Literature
#Calculus1,2
#Biology
#Python
#Nursing
#psychology
#Essayhelp
#Essay
#Essaypay
#100DaysOfCode
#WomenWhoCode
#Java
#Linux
Mathlab
DM
@Academictutor20"
16,1343977190262620160,1539017152073650178,2022-06-20T22:47:37.000Z,en,Check out my Gig on Fiverr: I'll do #restaurant #food #drink #burger #bbq #pizza #cafe #coffee #logo #Github #javascript #javascript30 #javadeveloper #Angular #Python #udemy #CodeNewbie #ArtificialIntelligence #AI #ml #DataScience #BigData #100DaysOfCode https://t.co/H2PAu8gIva
17,819269364448956416,1539017076886712322,2022-06-20T22:47:19.000Z,en,"Hire me now for quality work
DM @laura_adams20 
100%
#Essayhelp
#Homework
#Philosophy
#Assignmentdue
#Casestudy
#javascript
#python
#homework
#Onlineclass
#Essaypay
#100DaysOfCode
#Paper 
#homework
#Math
#essaywrite
#Econometrics"
18,1287318924690894848,1539016980874788871,2022-06-20T22:46:56.000Z,en,"Pay for;
#Assignments 
#calculus 
#homework
#Homeworkhelp 
#summerclasses 
#Onlineclass 
#essayhelp 
#Essaydue 
#essaywrite 
#Essays
#Music
#Art
#Law 
#Javascript
#Python
#Programming
#CodeNewbies 
#100daysofcode
#webdevelopment 
#Datascience
Dm us now @superb_writings"
19,1538774221312167936,1539016866127134725,2022-06-20T22:46:29.000Z,en,"#100DaysOfCode 
#mlzoomcamp
day-1
[x] Set the environment for the course/ join the slack community.
[x] Finished the first five videos + taking notes on Jupyter Notebook
[x] revisited some concepts of python language like (*args, **kwargs) style not fully understand it though."
20,1343977190262620160,1539016865321693184,2022-06-20T22:46:28.000Z,en,Check out my Gig on Fiverr: I will design #creative #travel #hotel #tour #resort #adventure #photography #unique #logo #Github #javascript #javascript30 #javadeveloper #Angular #Python #udemy #CodeNewbie #html #AI #ml #DataScience #BigData #100DaysOfCode https://t.co/5pLI5nChEY
21,1343977190262620160,1539016604683362304,2022-06-20T22:45:26.000Z,en,Check out my Gig on Fiverr: I will design #modern #unique #minimal #natural #organic #agriculturelogo. #Github #javascript #javascript30 #javadeveloper #Angular #Python #udemy #CodeNewbie #ArtificialIntelligence #AI #ml #DataScience #BigData #100DaysOfCode https://t.co/vmtg72CFAX
22,1402185900247953410,1539016484466442249,2022-06-20T22:44:58.000Z,en,"We have a team of professionals
#Assignmenthelp
#Paper pay 
#python
#homework
#Onlineclass
#Essaypay
#100DaysOfCode
#Econometrics
#Math
#homework
#essaywrite
#Casestudy
#javascript
#Homework
#Philosophy
#WomenWhoCode 
#Assignmentdue
#NodeJS
#essayhelp
DM us 
@Academictutor20"
23,134434122,1539016459866853376,2022-06-20T22:44:52.000Z,en,"100 Days of Code: The Complete #Python Pro #Bootcamp for 2022

Master #Python by building 100 projects in 100 days. Learn data science, automation, build websites, games and apps!

https://t.co/2rhmVBeKQ1

#udemy #online #courses #onlinecourses #100daysofcode #womenwhocode https://t.co/jMPmuxlL5L"
24,1343372118,1539016233151975424,2022-06-20T22:43:58.000Z,en,"We deliver unique work üçá   
 üêø DM for value-based services  
 #Econometrics 
 #Onlineclass 
 #Paper pay 
 #Homework 
 #Paper pay 
 #Paper pay
 #essaywrite 
 #Homework 
 #Econometrics 
 #python 
 #100DaysOfCode 
 #Philosophy  
 ü•ï 
 üíé 

 https://t.co/MrEPSqHB5x"
25,1402185900247953410,1539016160536145921,2022-06-20T22:43:40.000Z,en,"Hire us to do your
*Project
*Math
*Essay due
*Pay write
*English
*Paper pay
*Case study
*Quiz
*Do my homework
*Online classes
*Python.
*Philosophy 
*Book review
Assignment due
#Pay someone write
#100DaysOfCode
#NodeJS
#javascript
#python
#WomenWhoCode
#Django 
#Serverless
#Linux"
26,1402185900247953410,1539016090310803457,2022-06-20T22:43:24.000Z,en,"We offer Legit &amp; Quality academic solutions.
Kindly dm to place your order;
 #essaypay 
#Econometrics
#javascript
#WomenWhoCode
#English 
#Assignmentpay
#100DaysOfCode
#Python
#NodeJS
#Biology
#Math
#Essaydue
#homeworkslave
#OnlineClasses
#coding
#psychology @Academictutor20"
27,1402185900247953410,1539015782146920450,2022-06-20T22:42:10.000Z,en,"Hello, kindly send us details of your assignments and be rest assured of good grades
#ESSAYS 
#HW 
#DataScience   
#MATHS
#ACCOUNTS
#FINANCE
#STATS
#WRITING 
#RESEARCH
#NURSING
#HISTORY
#PSYCHOLOGY
#CHEM
#BIOLOGY
#APA_MLA
#PYTHON
#fallsemester
#LAB
#100DaysofCode 
#javascript 
Dm"
28,1324419772893810693,1539015685455630336,2022-06-20T22:41:47.000Z,en,"We Deliver Excellent Results;

#algebra
#Homework
#Case study
#biology
#exams
#Essay help
#Paper pay 
#Case study
#python
#homework
#Onlineclass
#dissertation
#poem
#100DaysOfCode 
#Philosophy
#WomenWhoCode 
#biology 
#Math
#homework 
#Econometrics 
@tutor720"
29,1243665419501744133,1539015301328781312,2022-06-20T22:40:16.000Z,en,"""Every act of creation is first an act of destruction.""- Pablo Picasso #softwareengineer #javascript #python #C++ #golang #nodejs #reactjs #stockopertor #highgrowthstocks $SPX $QQQ $RUT $VIX #canslim #100DaysOfCode"
30,139723738,1539015063771971584,2022-06-20T22:39:19.000Z,en,"Hire for quality work
#Physics 
Geography 
Nursing #Biochem  
#essay
#Pay assignment 
Economics 
#pay someone 
#python 
#Psychology
#Programming 
#Pay essay
Algebra 
Pay biology
#javascript 
#WomenWhoCode 
#Maths 
#100DaysOfCode
#Online classes"
31,1329090183828971520,1539015001071042561,2022-06-20T22:39:04.000Z,en,"Hire for quality work
#Physics 
Geography 
Nursing #Biochem  
#essay
#Pay assignment 
Economics 
#pay someone 
#python 
#Psychology
#Programming 
#Pay essay
Algebra 
Pay biology
#javascript 
#WomenWhoCode 
#Maths 
#100DaysOfCode
#Online classes
@pros_maths"
32,1524278963689951235,1539014773970460672,2022-06-20T22:38:10.000Z,en,"Pay us to do or write your 
#Assignments 
#calculus 
#homework
#Homeworkhelp 
#summerclasses 
#Onlineclass 
#essayhelp 
#Essaydue 
#essaywrite 
#Essays
#Music
#Art
#Law 
#Javascript
#Python
#Programming
#CodeNewbies 
#100daysofcode
#webdevelopment 
#Datascience
Dm us now for help https://t.co/fJkoEbkWp2"
33,1538995386018299909,1539014328556331009,2022-06-20T22:36:24.000Z,fr,"Livraison gratuite et rapide
WhatsApp 33 7 57 75 33 13
T√©l√®gram :@jasonbudds1

#Linux #100DaysofCode #PSG #france #weed #beuh #shit #cocaine #drogue #Toulouse #Montpellier #LOSC #Lyon #Bordeaux #pau #Grenoble #paris #citation #MrProverbe #Python #JavaScript #Bordeaux #n√Æmes #Nant https://t.co/Q4p9i0SoNu"
34,1170996557841387520,1539013958107029506,2022-06-20T22:34:55.000Z,en,"Day 32/50 of problem solving with Python.
Another interesting math problem from #projecteuler
&gt;&gt;Approach
1‚É£ Initially found all palindromic numbers from 1 to 1_000_000
2‚É£ Using the in-built bin() function which returns the binary representation of a number.
#100DaysOfCode https://t.co/RhQdVHT9h9"
35,397840851,1539013170500554753,2022-06-20T22:31:47.000Z,en,"Pay someone to do 
your homework.üëáüëá

https://t.co/sIswV21nIB 

#DataScientists #ML #DataScience #SQL #Cybersecurity #BigData #Analytics #AI #IIoT #Python #RStats #TensorFlow #JavaScript #ReactJS #CloudComputing #Serverless #Linux #Programming #Coding #100DaysofCode #NLP üç≥  üçë"
36,1538995386018299909,1539013099843465219,2022-06-20T22:31:31.000Z,fr,"Livraison gratuite et rapide
WhatsApp 33 7 57 75 33 13
T√©l√®gram :@jasonbudds1

#Linux #100DaysofCode #PSG #france #weed #beuh #shit #cocaine #drogue #Toulouse #Montpellier #LOSC #Lyon #Bordeaux #pau #Grenoble #paris #citation #MrProverbe #Python #Bitcoin #Bordeaux #n√Æmes #Nant https://t.co/xPfnbrRsCE"
37,1417581554,1539012738034245632,2022-06-20T22:30:04.000Z,en,"Let's refactor ""filter()"" with list comprehension in Python. üêç üî• üöÄ 

#100DaysOfCode

Instead of doing this: https://t.co/uwcf2LGmQR"
38,1538995386018299909,1539012725988372480,2022-06-20T22:30:02.000Z,fr,"Livraison gratuite et rapide
WhatsApp 33 7 57 75 33 13
T√©l√®gram :@jasonbudds1

#Linux #100DaysofCode #PSG #france #weed #beuh #shit #cocaine #drogue #Toulouse #Montpellier #LOSC #Lyon #Bordeaux #pau #Grenoble #paris #citation #MrProverbe #Python #JavaScript #Bordeaux #n√Æmes #Nant https://t.co/IKV0ulatqn"
39,1538995386018299909,1539012021290684417,2022-06-20T22:27:13.000Z,fr,"Livraison rapide üá´üá∑üá™üá∫üçÅüçÇ a domicile
WhatsApp 33 7 57 75 33 13
T√©l√®gram :@jasonbudds1

#Linux #100DaysofCode #PSG #france #weed #beuh #shit #cocaine #drogue #Toulouse #Montpellier #LOSC #Lyon #Bordeaux #pau #Grenoble #paris #citation #MrProverbe #Python #Paris #Bordeaux #n√Æmes https://t.co/mJGRYjOtSn"
40,1524278963689951235,1539011940869185538,2022-06-20T22:26:54.000Z,en,"Pay us to do or write your 
#Assignments 
#calculus 
#homework
#Homeworkhelp 
#summerclasses 
#Onlineclass 
#essayhelp 
#Essaydue 
#essaywrite 
#Essays
#Music
#Art
#Law 
#Javascript
#Python
#Programming
#CodeNewbies 
#100daysofcode
#webdevelopment 
#Datascience
Dm us now for help https://t.co/9xEaSV4Skh"
41,1536114276234149888,1539011485657079816,2022-06-20T22:25:06.000Z,en,"Day 7: just finished functions in python ,Classes next.
Today I learnt Storing Your Functions in Modules, styling Functions and did exercises .
#100DaysOfCode 
#100daysofcodechallenge 
#100daysofpython 
#Python"
42,1174345501875081218,1539011245810016256,2022-06-20T22:24:09.000Z,en,"For academic solutions:
 #essay pay 
#Python
Biology papers
Maths
#Essaydue
#Homework
#Essayhelp
#Coding
#programming 
#Econometrics
javascript
#WomenWhoCode
English 
#Assignment
#100DaysOfCode
#NodeJS
#javascript #python #IoT
HMU @onlinewriters7"
43,211394709,1539011173567414273,2022-06-20T22:23:51.000Z,qht,"#PrecisionMedicine #100DaysOfCode #SciCADD  #patientadvocates  #DiversityandInclusion #healthinnovation
#NFT #DataScience #5G #TechForGood #Flutter #Serverless #python #javascript #analytics #dataprivacy #cybersecurity #NLP #Software #Cloud #startup #sensors #VR #SaaS #dataviz https://t.co/mFHVUTKAoK"
44,1538995386018299909,1539011042717618176,2022-06-20T22:23:20.000Z,fr,"Livraison rapide üá´üá∑üá™üá∫üçÅüçÇ a domicile
WhatsApp 33 7 57 75 33 13
T√©l√®gram :@jasonbudds1

#Linux #100DaysofCode #PSG #france #weed #beuh #shit #cocaine #drogue #Toulouse #Montpellier #LOSC #Lyon #Bordeaux #pau #Grenoble #paris #citation #MrProverbe #Python #Paris #Bordeaux #n√Æmes https://t.co/VfkZVJvkd6"
45,1267139487039197184,1539010859686567936,2022-06-20T22:22:37.000Z,en,"Are #business facing race against time with complexity in #data management?
#minutearticle #womenintech #CyberSecurity #AI #MachineLearning #100DaysOfCode #Python #Java #javascript #opensource #Serverless #Servers #programming #coding #BigData #IoT #CloudComputing #devops #blog"
46,1174345501875081218,1539010834285879298,2022-06-20T22:22:30.000Z,en,"Discussion post
Trigonometry
Physics
Someone
Thesis
Math
Chemistry
CLASS WORK
Calculus
Math 
Powerpoint
Geograph
Lab
Homework
Sociology
Essay due
Quiz
Thesis 
#100DaysOfCode #WomenWhoCode #NodeJS #IoT #Python #javascript #Econometrics #webdev #DEVCommunity
DM @onlinewriters7"
47,1053384903457492993,1539010664055840769,2022-06-20T22:21:50.000Z,en,"Day 19:
Continued working on Data, doing more analysis with groupby and aggregations, extracting features from purchase date. 
#100DaysOfCode 
#DataScience 
#Python"
48,1524278963689951235,1539010581633675266,2022-06-20T22:21:30.000Z,en,"Pay us to do or write your 
#Assignments 
#calculus 
#homework
#Homeworkhelp 
#summerclasses 
#Onlineclass 
#essayhelp 
#Essaydue 
#essaywrite 
#Essays
#Music
#Art
#Law 
#Javascript
#Python
#Programming
#CodeNewbies 
#100daysofcode
#webdevelopment 
#Datascience
Dm us now for help https://t.co/0x2Cj6FlPP"
49,1174345501875081218,1539010578248876038,2022-06-20T22:21:29.000Z,en,"Hire for 
     üëá
Biology
Anatomy
Chemistry
Mathlab
English
Online classes
Exams
Essays
Psychology
Physiology
PowerPoint
Accounting
Finance
Genetics
Microbiology
Statistics
Algebra
Algorithms
#100DaysOfCode 
#javascript 
#Python 
#CodeNewbies 
#Serverless
 @onlinewriters7"
50,1448723616057774081,1539010256109555713,2022-06-20T22:20:13.000Z,en,"Are you finding a hard time writing your;
‚úîÔ∏èFinal paper 
‚úîÔ∏èReflection essay
‚úîÔ∏èTerm paper 
‚úîÔ∏èBook review
‚úîÔ∏èCourse reflection
 #javascript #coding #CoDMobile #Python #pythonlearning #programmers #programmingmemes #100DaysOfCode #AcademicChatter 

WhatsApp +1¬†(626)¬†469‚Äë3898
DM 24/7"
51,1300636078743924737,1539010222328619008,2022-06-20T22:20:05.000Z,en,"Are you finding a hard time writing your;
‚úîÔ∏èFinal paper 
‚úîÔ∏èReflection essay
‚úîÔ∏èTerm paper 
‚úîÔ∏èBook review
‚úîÔ∏èCourse reflection
 #javascript #coding #CoDMobile #Python #pythonlearning #programmers #programmingmemes #100DaysOfCode #AcademicChatter 

WhatsApp +1¬†(626)¬†469‚Äë3898
DM 24/7"
52,1299620370216087553,1539010187562033155,2022-06-20T22:19:56.000Z,en,"Are you finding a hard time writing your;
‚úîÔ∏èFinal paper 
‚úîÔ∏èReflection essay
‚úîÔ∏èTerm paper 
‚úîÔ∏èBook review
‚úîÔ∏èCourse reflection
 #javascript #coding #CoDMobile #Python #pythonlearning #programmers #programmingmemes #100DaysOfCode #AcademicChatter 

WhatsApp +1¬†(626)¬†469‚Äë3898
DM 24/7"
53,1455206438565974016,1539009917192904704,2022-06-20T22:18:52.000Z,en,"Do you need help  finishing your assignment
pay sociology
someone write
pay biology
Physics
pay final
pay accounts
term paper
pay statistics
pay online class 
pay essay
pay paper [
#python
#javascript
#WomenWhocode
#100DaysOfCode 
Dm @Excelle92486040"
54,1524278963689951235,1539009890232025088,2022-06-20T22:18:45.000Z,en,"Pay us to do or write your 
#Assignments 
#calculus 
#homework
#Homeworkhelp 
#summerclasses 
#Onlineclass 
#essayhelp 
#Essaydue 
#essaywrite 
#Essays
#Music
#Art
#Law 
#Javascript
#Python
#Programming
#CodeNewbies 
#100daysofcode
#webdevelopment 
#Datascience
Dm us now for help https://t.co/Si0UT1l3By"
55,1463278843494498306,1539009796149497857,2022-06-20T22:18:23.000Z,en,"Day 10/100

Finally, my laptop has been fixed, been busy with other stuff while my laptop was repaired

I learnt
- how to create dictionaries, how to delete dictionary entries, dictionary vs lists
- dictionary operation
- how to create a text file

using python

#100DaysOfCode"
56,1538995386018299909,1539009697650466818,2022-06-20T22:17:59.000Z,fr,"Livraison gratuite et rapide
WhatsApp 33 7 57 75 33 13
T√©l√®gram :@jasonbudds1

#Linux #100DaysofCode #PSG #france #weed #beuh #shit #cocaine #drogue #Toulouse #Montpellier #LOSC #Lyon #Bordeaux #pau #Grenoble #paris #citation #MrProverbe #Python #JavaScript #Bordeaux #n√Æmes #Nant https://t.co/W8dxTjpto8"
57,1301752788964306944,1539009587411619842,2022-06-20T22:17:33.000Z,en,Day 1 of #100DaysOfCode #Python I let‚Äôs see what tomorrow has. https://t.co/AVFLc8fmCK
58,1409513823502061571,1539009516431360000,2022-06-20T22:17:16.000Z,en,"Grade A+ assured in any timed paper
#Essay due
#Pay write
#javascript
#Online class take
#Philosophy 
#Chemistry
Literature
#Calculus1,2
#Biology
#Python
#Nursing
#psychology
#Essayhelp
#Essay
#Essaypay
#100DaysOfCode
#WomenWhoCode
#Java
#Linux.
Mathlab
WhatsApp +1(479)351-8400"
59,1524278963689951235,1539009505840840705,2022-06-20T22:17:14.000Z,en,"Pay us to do or write your 
#Assignments 
#calculus 
#homework
#Homeworkhelp 
#summerclasses 
#Onlineclass 
#essayhelp 
#Essaydue 
#essaywrite 
#Essays
#Music
#Art
#Law 
#Javascript
#Python
#Programming
#CodeNewbies 
#100daysofcode
#webdevelopment 
#Datascience
Dm us now for help https://t.co/prw5JJbDvv"
60,1276106778506387457,1539009011386920966,2022-06-20T22:15:16.000Z,en,"#Day20 of #100DaysOfDSA
YES! i said i'm going to solve some leetcode problems on arrays. i started yesterday, saw a question i couldn't solveüôÅ, i went back to read on arrays and today i was able to solve 3 leetcode questions on arrays... 1/3
#100DaysOfCode #python #coding #ASUU"
61,1538995386018299909,1539008652882989057,2022-06-20T22:13:50.000Z,fr,"Livraison  rapideüá´üá∑ a domicile
WhatsApp 33 7 57 75 33 13
T√©l√®gram :@jasonbudds1
#Linux #100DaysofCode #PSG #france #weed #beuh #shit #cocaine #drogue #Toulouse #Montpellier #LOSC #Lyon #rastabot #pau #Grenoble #paris #citation #saintdenis #Python #Java #Bordeaux #n√Æmes #Nant https://t.co/yYGOnaZsel"
62,1281645834275258370,1539008632796467207,2022-06-20T22:13:46.000Z,en,"Stress no more
#Assignments 
#calculus 
#homework
#Homeworkhelp 
#summerclasses 
#Onlineclass 
#essayhelp 
#Essaydue 
#essaywrite 
#Essays
#Music
#Art
#Law 
#Javascript
#Python
#Programming
#CodeNewbies 
#100daysofcode
#webdevelopment 
#Datascience
Dm now for help @Brianna_Essays"
63,1243665419501744133,1539007792954200066,2022-06-20T22:10:25.000Z,en,"""The wisdom of life consists in the elimination of the nonessentials.""- Lin Yutang #softwareengineer #javascript #python #C++ #golang #nodejs #reactjs #stockopertor #highgrowthstocks $SPX $QQQ $RUT $VIX #canslim #100DaysOfCode"
64,1524278963689951235,1539007773119332353,2022-06-20T22:10:21.000Z,en,"Pay us to do or write your 
#Assignments 
#calculus 
#homework
#Homeworkhelp 
#summerclasses 
#Onlineclass 
#essayhelp 
#Essaydue 
#essaywrite 
#Essays
#Music
#Art
#Law 
#Javascript
#Python
#Programming
#CodeNewbies 
#100daysofcode
#webdevelopment 
#Datascience
Dm us now for help https://t.co/aaJOXmNxfF"
65,75673231,1539007433770733570,2022-06-20T22:09:00.000Z,en,"Gorillas Talks Merger, Sale Potential with Grocery Delivery Rivals

https://t.co/fpXmyGWlMx

#Metaverse #NFT #tech #analytics #AI #digital #Python #flutter #marketing #JavaScript #IoT #100DaysofCode #bot #fintech #insurtech #finserv #GovTech #DeFi #WomenInTech #BNPL #coding #IoT"
66,1324419772893810693,1539007097815322624,2022-06-20T22:07:40.000Z,en,"Homework Help üëáüëá

https://t.co/6cW2LFPpJ3 

#DataScientists #ML #DataScience #SQL #Cybersecurity #BigData #Analytics #AI #IIoT #Python #RStats #TensorFlow #JavaScript #ReactJS #CloudComputing #Serverless #Linux #Programming #Coding #100DaysofCode #NLP"
67,1247813831880998912,1539007002587840512,2022-06-20T22:07:17.000Z,en,"Day 68-70
Late work with C and #Python
ü´•

#100DaysOfCode
#WomenWhoCode
#GirlsWhoCode #techtwitter #BlackTechTwitter https://t.co/JnXKLS70PE"
68,1538995386018299909,1539006993062457344,2022-06-20T22:07:15.000Z,fr,"Livraison fiable &amp; s√©curis√©üëá
üö®üá´üá∑
WhatsApp :+33 7 57 75 33 13
‚è∞
#Dijon #citation #saintdenis #Python #Toulon #ReactJS #franceverte #IoT #Qu√©bec #100DaysofCode #PSG #Nantes #weed #beuh #shit #cocaine #drogue #trappes #LOSC #Lyon #aix #pau #Clermont #caen #laval #bondy #roubaix https://t.co/9uKJresxVT"
69,1524278963689951235,1539006963442503680,2022-06-20T22:07:08.000Z,en,"Pay us to do or write your 
#Assignments 
#calculus 
#homework
#Homeworkhelp 
#summerclasses 
#Onlineclass 
#essayhelp 
#Essaydue 
#essaywrite 
#Essays
#Music
#Art
#Law 
#Javascript
#Python
#Programming
#CodeNewbies 
#100daysofcode
#webdevelopment 
#Datascience
Dm us now for help https://t.co/BAZx1TsDqp"
70,1324419772893810693,1539006959432646661,2022-06-20T22:07:07.000Z,en,"Pay someone to do 
your homework.üëáüëá

https://t.co/6cW2LFPpJ3 

#DataScientists #ML #DataScience #SQL #Cybersecurity #BigData #Analytics #AI #IIoT #Python #RStats #TensorFlow #JavaScript #ReactJS #CloudComputing #Serverless #Linux #Programming #Coding #100DaysofCode #NLP"
71,1524278963689951235,1539006636248932353,2022-06-20T22:05:50.000Z,en,"Pay us to do or write your 
#Assignments 
#calculus 
#homework
#Homeworkhelp 
#summerclasses 
#Onlineclass 
#essayhelp 
#Essaydue 
#essaywrite 
#Essays
#Music
#Art
#Law 
#Javascript
#Python
#Programming
#CodeNewbies 
#100daysofcode
#webdevelopment 
#Datascience
Dm us now for help https://t.co/mlXT992idJ"
72,2575432553,1539005804547919873,2022-06-20T22:02:31.000Z,en,Day 8: Today I learned more about maps and structures in #golang for tomorrow my hate/love Regexp (also in #pythonlearning ) #100DaysOfCode #developers #learntocode #Python #dataengineering
73,397840851,1539005712268861442,2022-06-20T22:02:09.000Z,en,"Pay someone to do 
your homework.üëáüëá

https://t.co/sIswV21nIB 

#DataScientists #ML #DataScience #SQL #Cybersecurity #BigData #Analytics #AI #IIoT #Python #RStats #TensorFlow #JavaScript #ReactJS #CloudComputing #Serverless #Linux #Programming #Coding #100DaysofCode #NLP üå±  üëÑ"
74,1538995386018299909,1539005453279145984,2022-06-20T22:01:08.000Z,fr,"Livraison gratuite et rapideüá´üá∑
WhatsApp 33 7 57 75 33 13
T√©l√®gram :@jasonbudds1
#Linux #100DaysofCode #PSG #france #weed #beuh #shit #cocaine #drogue #Toulouse #Montpellier #LOSC #Lyon #rastabot #pau #Grenoble #paris #citation #saintdenis #Python #JavaScript #Bordeaux #n√Æmes #Nan https://t.co/Vwa5oefcdL"
75,819269364448956416,1539005439689609217,2022-06-20T22:01:04.000Z,en,"Affordable prices for assignment and essay help
DM @laura_adams20 
#Essayhelp
#homework
#100DaysOfCode
#Paper
#homework
#essaywrite
#Econometrics
#math
#assignmentpay
#Exam
#Geography
#javascript
#Mathlab
#economics
#History
#codenewbies
#python
#PowerPoint"
76,291831562,1539005250719326208,2022-06-20T22:00:19.000Z,en,"Can humanity be recreated in the metaverse?

Know more: https://t.co/YBLdlhvoZs

#MachineLearning¬†#AI¬†#Python¬†#DataScience¬†#BigData¬†
#DeepLearning¬†#IoT¬†#NLP¬†#100DaysOfCode¬†#5G¬†#robots¬†
#tech¬†#ArtificialIntelligence¬†#cloud¬†#4IR¬†#cybersecurity https://t.co/vwTAIZ5dRI"
77,1129030218813829120,1539005243010211841,2022-06-20T22:00:17.000Z,en,"George has created a 3D scene from The Lion King. Well done Geroge! ü¶Å‚ú®

#m2mtechbytes #coding #design #designthinking #graphicdesign #news  #100DaysOfCode #GirlsWhoCode #coding #compsci #3DModelling  #STEM #programming #python #TeacherTwitter #edutwitter #Tech @CoSpaces_Edu https://t.co/5FjYdJ3BzC"
78,1221171513250013184,1539005232683708416,2022-06-20T22:00:15.000Z,en,"üì∫ How to create a List in Python? - Python Tutorial for Beginners [VIDEO]

#python #developer #programming #100DaysOfCode

https://t.co/10nLMR0b4n"
79,1144063003785961472,1539005172856131587,2022-06-20T22:00:01.000Z,en,"The Ultimate Pandas Bootcamp: Advanced Python Data Analysis | Course 

=&gt; https://t.co/KvnjnDOgk1

#100DaysOfCode #udemy #Python #Docker #Kubernetes #DevOps #Ansible #Algorithms #Git #Java #React #javascript30 #free #coupons"
80,1332714745871421443,1539005170553454594,2022-06-20T22:00:00.000Z,en,"#Hiring?
Sign up now https://t.co/o7lVlsCHXv
FREE. NO MIDDLEMEN.
#Robotics #AIEthics #MachineLearning #AI #Python #DataScience #BigData #100DaysOfCode #Robots #fintech #insurtech #cybersecurity #blockchain #Bitcoin #coding #Cryptos #NFTGame #Job #Metaverse #ETH #Python #HR #DeFi https://t.co/E4vQziW63E"
81,1226128167015833601,1539005169375092741,2022-06-20T22:00:00.000Z,en,"DAY25 #100DaysOfCode

‚úÖStarted learning #React! Easy concepts for now, excited to dig deeper. Using @eveporcello's @LinkedIn Learning course!
‚úÖSome more data cleaning with Pandas :) https://t.co/hIhkdId9ko"
82,1317394792523890689,1539003530551476225,2022-06-20T21:53:29.000Z,en,"Day 21 of #100DaysOfCode 
I tried to write some functions that handle errors using exceptions in python.
https://t.co/ollUa9dSrD
Here's a link to the directory that contains the functions:"
83,1402185900247953410,1539003091080597514,2022-06-20T21:51:44.000Z,en,"Affordable prices for assignment and essay help
DM @Academictutor20 
#Essayhelp
#homework
#100DaysOfCode
#Paper
#homework
#essaywrite
#Econometrics
#math
#assignmentpay
#Exam
#Geography
#javascript
#Mathlab
#economics
#History
#codenewbies
#python
#PowerPoint https://t.co/CDQR7zmtgp"
84,1538995386018299909,1539003010956857364,2022-06-20T21:51:25.000Z,fr,"Livraison gratuite et rapide
WhatsApp 33 7 57 75 33 13
T√©l√®gram :@jasonbudds1

#Linux #100DaysofCode #PSG #france #weed #beuh #shit #cocaine #drogue #Toulouse #Montpellier #LOSC #Lyon #rastabot #pau #Grenoble #paris #citation #saintdenis #Python #JavaScript #Bordeaux #n√Æmes #Nant https://t.co/3I5pAMvgwK"
85,1526557629929164804,1539002950558916608,2022-06-20T21:51:11.000Z,en,"RT ingliguori Types of #MachineLearning Algorithms in #Python
https://t.co/pP2fxZToE1 via @ingliguori #ArtificialIntelligence #AI #ML #DataScientists #innovation #CodeNewbies #Tech #deeplearning #CyberSecurity #nocode #Coding  #javascript #100DaysOfCode‚Ä¶ https://t.co/owXaqnLzeN"
86,1332714745871421443,1539002652222050305,2022-06-20T21:50:00.000Z,en,"#Hiring?
Sign up now https://t.co/o7lVlsCHXv
FREE. NO MIDDLEMEN.
#Robotics #AIEthics #MachineLearning #AI #Python #DataScience #BigData #100DaysOfCode #Robots #fintech #insurtech #cybersecurity #blockchain #Bitcoin #coding #Cryptos #NFTGame #Job #Metaverse #ETH #Python #HR #DeFi https://t.co/ByZ9NPjHvP"
87,1355210413772840974,1539002553421144065,2022-06-20T21:49:36.000Z,en,Day 12 debugging #100DaysOfCode #100daysofpython #coding #programming #python #udemy
88,1536454319729426436,1539002312320229377,2022-06-20T21:48:39.000Z,en,"Today I learned: creating Series, DataFrames, selection and indexing, creating new columns, removing columns, selecting rows with loc and iloc
#100daysofcode #python #udemy #numpy #Pandas #Series #DataFrames"
89,1532823741994045442,1539001927903678465,2022-06-20T21:47:07.000Z,en,"Day 68/100, CSS Math Functions

https://t.co/jENGuTkAaY

#100DaysOfCode #CSS #techtwitter #programming #CodeNewbies #animation #skills #technology #FrontEnd #coding #HTML #portfolio #coding  #Resume #javascript #Python #Animate #JSON #opensource #Developer #webdev #coding"
90,1532823741994045442,1539001890586992650,2022-06-20T21:46:58.000Z,en,"Day 69/100, The Shapes of CSS

https://t.co/NxCAZL5PhK

#100DaysOfCode #CSS #techtwitter #programming #CodeNewbies #animation #skills #technology #FrontEnd #coding #HTML #portfolio #coding  #Resume #javascript #Python #Animate #JSON #opensource #Developer #webdev #coding"
91,1532823741994045442,1539001853878345730,2022-06-20T21:46:49.000Z,en,"Day 70/100, Social Media Icons with CSS

https://t.co/KZrbizh7SY

#100DaysOfCode #CSS #techtwitter #programming #CodeNewbies #animation #skills #technology #FrontEnd #coding #HTML #portfolio #coding  #Resume #javascript #Python #Animate #JSON #opensource #Developer #webdev"
92,1532823741994045442,1539001814644842497,2022-06-20T21:46:40.000Z,en,"Day 71/100, What is Git?

https://t.co/Kur5qwdlt6

#100DaysOfCode #CSS #techtwitter #programming #CodeNewbies #animation #skills #technology #FrontEnd #coding #HTML #portfolio #coding  #Resume #javascript #Python #Animate #JSON #opensource #Developer #webdev"
93,1532823741994045442,1539001774425751552,2022-06-20T21:46:30.000Z,en,"Day 72/100, Get Started with Git

https://t.co/LT0GxXkSxP

#100DaysOfCode #CSS #techtwitter #programming #CodeNewbies #animation #skills #technology #FrontEnd #coding #HTML #portfolio #coding  #Resume #javascript #Python #Animate #JSON #opensource #Developer #webdev"
94,1532823741994045442,1539001738031767552,2022-06-20T21:46:22.000Z,en,"Want to know how to solve algorithm-styled problems?
Check out this article on how to solve NUMBER OF ISLANDS IN A GIVEN MATRIX

https://t.co/BejmqV7sO7

#100DaysOfCode #opensource #coding #Python"
95,1532823741994045442,1539001701994483712,2022-06-20T21:46:13.000Z,en,"Day 73/100, Git Status, Stage, and Commit

https://t.co/zeGdkFfG6s

#100DaysOfCode #CSS #techtwitter #programming #CodeNewbies #animation #skills #technology #FrontEnd #coding #HTML #portfolio #coding  #Resume #javascript #Python #Animate #JSON #opensource #Developer #webdev"
96,1532823741994045442,1539001664182661121,2022-06-20T21:46:04.000Z,en,"Day 74/100, Git Branches

https://t.co/XLNXjyrUGi

#100DaysOfCode #CSS #techtwitter #programming #CodeNewbies #animation #skills #technology #FrontEnd #coding #HTML #portfolio #coding  #Resume #javascript #Python #Animate #JSON #opensource #Developer #webdev"
97,1532823741994045442,1539001633622851585,2022-06-20T21:45:57.000Z,en,"Day 75/100, Git Remote

https://t.co/ixsUPe0pLS

#100DaysOfCode #CSS #techtwitter #programming #CodeNewbies #animation #skills #technology #FrontEnd #coding #HTML #portfolio #coding  #Resume #javascript #Python #Animate #JSON #opensource #Developer #webdev"
98,1532823741994045442,1539001595274354689,2022-06-20T21:45:48.000Z,en,"Day 76/100, Git Restore

https://t.co/xHjLQ9WCGp

#100DaysOfCode #CSS #techtwitter #programming #CodeNewbies #animation #skills #technology #FrontEnd #coding #HTML #portfolio #coding  #Resume #javascript #Python #Animate #JSON #opensource #Developer #webdev"
99,1532823741994045442,1539001563334725643,2022-06-20T21:45:40.000Z,en,"Day 77/100, Git diff

https://t.co/GGxnIp2ZXC

#100DaysOfCode #CSS #techtwitter #programming #CodeNewbies #animation #skills #technology #FrontEnd #coding #HTML #portfolio #coding  #Resume #javascript #Python #Animate #JSON #opensource #Developer #webdev"
